date,amount,type,fraud
2023-10-30 22:00:00,6235.788935378231,1,0.0
2023-02-05 20:00:00,3500.1291350931565,0,0.0
2023-08-13 14:00:00,19615.381628843068,0,0.0
2023-08-05 07:00:00,201.63299397318053,0,1.0
2023-08-27 22:00:00,1698.919786823204,0,0.0
2023-09-19 01:00:00,2724.274841342434,1,0.0
2023-01-20 10:00:00,992.4314766906173,0,0.0
2023-07-04 10:00:00,688.7700618250224,1,0.0
2023-08-21 10:00:00,2187.6043023147226,1,0.0
2023-12-13 18:00:00,1409.606684293219,1,1.0
2023-03-12 05:00:00,758.6206886236802,0,0.0
2023-02-02 01:00:00,8105.13608260436,1,0.0
2023-10-17 13:00:00,2384.754246743227,1,0.0
2023-04-12 09:00:00,106767.30222335528,0,0.0
2023-08-10 07:00:00,804.0742552124982,1,0.0
2023-07-30 11:00:00,11929.595986292115,0,0.0
2023-09-25 12:00:00,840.2624016432886,1,0.0
2023-02-19 08:00:00,2109.345077642851,1,0.0
2023-07-09 19:00:00,513.0918332491711,0,0.0
2023-05-22 01:00:00,2905.6481503464997,0,1.0
2023-09-24 12:00:00,1467.0600518760527,1,0.0
2023-12-28 02:00:00,8234.19726343185,0,0.0
2023-04-17 14:00:00,2081.7068779561246,0,0.0
2023-11-24 01:00:00,12437.497397482612,0,0.0
2023-03-27 07:00:00,2464.8068187158324,0,0.0
2023-04-25 11:00:00,507.73283026983603,1,0.0
2023-01-08 21:00:00,9068.785862268154,0,0.0
2023-04-24 22:00:00,2218.7736142825,0,0.0
2023-05-06 05:00:00,654.8883607020509,0,0.0
2023-07-14 02:00:00,4828.213575975109,0,0.0
2023-03-21 03:00:00,679.4960834531921,1,0.0
2023-11-19 06:00:00,9627.902403917184,1,0.0
2023-02-22 19:00:00,1578.7201333165588,0,0.0
2023-03-05 16:00:00,1634.4981402242515,1,0.0
2023-05-29 04:00:00,3397.0008683542073,1,0.0
2023-06-12 02:00:00,3679.5830140120665,0,0.0
2023-08-13 17:00:00,2308.536072297703,1,0.0
2023-12-18 09:00:00,1124.0059367403903,0,0.0
2023-11-10 01:00:00,54.37768047648062,0,0.0
2023-04-19 20:00:00,29272.24075760237,1,0.0
2023-10-21 09:00:00,4326.0961266225995,0,0.0
2023-09-17 19:00:00,206.3780675206525,1,0.0
2023-08-17 14:00:00,26053.178654894986,1,0.0
2023-10-23 19:00:00,1363.0034216065512,1,0.0
2023-02-02 07:00:00,2949.7533579021006,1,0.0
2023-12-09 18:00:00,5472.2895125318655,1,0.0
2023-05-12 08:00:00,10459.320346128032,1,0.0
2023-03-08 01:00:00,372.5211318739234,0,0.0
2023-06-14 07:00:00,4738.713620479048,0,0.0
2023-11-11 19:00:00,55264.55964403921,1,1.0
2023-05-09 01:00:00,1538.1247885200764,1,0.0
2023-02-12 13:00:00,6962.378387197033,1,0.0
2023-06-10 03:00:00,4389.309616214029,1,0.0
2023-11-29 21:00:00,3485.6368400687343,0,0.0
2023-10-14 09:00:00,11186.977609467303,1,0.0
2023-08-25 11:00:00,2733.842103930946,1,0.0
2023-01-07 17:00:00,144.95814910681318,0,0.0
2023-06-29 01:00:00,780.8703831477113,0,0.0
2023-02-11 11:00:00,2125.5187407633466,0,0.0
2023-11-14 21:00:00,2216.1137042085566,0,0.0
2023-02-12 08:00:00,3017.3753841022976,1,0.0
2023-11-24 21:00:00,4158.517808938497,0,1.0
2023-09-26 07:00:00,6218.219733051671,1,0.0
2023-11-25 20:00:00,35701.510709106275,0,0.0
2023-10-13 23:00:00,2817.0228471005357,1,0.0
2023-11-26 20:00:00,909.0868697403848,1,0.0
2023-12-22 09:00:00,385.38908480927125,0,0.0
2023-02-06 14:00:00,3344.118952087425,0,0.0
2023-07-23 15:00:00,4061.5435617408007,1,0.0
2023-07-22 11:00:00,1732.9336468695901,0,0.0
2023-09-21 19:00:00,3117.0310062317117,0,0.0
2023-12-24 03:00:00,4689.106947067335,0,0.0
2023-12-28 20:00:00,1467.8632032285523,0,0.0
2023-10-28 08:00:00,106.71468664655772,0,0.0
2023-08-08 20:00:00,4126.110479065383,0,0.0
2023-03-27 22:00:00,810.6655774270516,1,0.0
2023-01-03 16:00:00,4780.09022043799,1,0.0
2023-11-30 14:00:00,1293.8089100996528,1,0.0
2023-04-18 00:00:00,19335.74712186694,0,0.0
2023-08-16 15:00:00,1483.1254530882838,0,0.0
2023-03-26 11:00:00,4514.151673762758,0,0.0
2023-04-23 07:00:00,520.2973216008121,0,1.0
2023-08-08 02:00:00,5793.182507554032,0,0.0
2023-08-23 02:00:00,9042.516515606447,0,0.0
2023-10-08 16:00:00,19479.825279531484,0,0.0
2023-01-17 07:00:00,1049.982244679369,0,0.0
2023-09-03 12:00:00,1420.198928553248,1,0.0
2023-05-29 09:00:00,31828.30503814563,0,0.0
2023-09-15 16:00:00,1039.703709469598,0,0.0
2023-05-10 03:00:00,6051.156699477026,1,0.0
2023-09-19 14:00:00,2368.499681369111,0,0.0
2023-12-16 16:00:00,376.91147090939177,0,0.0
2023-05-10 08:00:00,15386.067938175394,0,0.0
2023-10-28 15:00:00,3118.696642685365,0,1.0
2023-04-13 06:00:00,15741.788642414793,1,0.0
2023-04-24 19:00:00,45977.130583639344,0,0.0
2023-12-06 18:00:00,84253.99908999848,1,0.0
2023-07-30 16:00:00,3533.225015036704,1,0.0
2023-12-04 22:00:00,846.6470868132349,1,0.0
2023-06-10 00:00:00,2707.2801474732746,0,1.0
2023-02-12 20:00:00,392.6196956635539,1,0.0
2023-11-04 17:00:00,920.4921646036817,1,0.0
2023-01-21 22:00:00,365.758942238928,1,0.0
2023-10-15 22:00:00,565.9243720424735,0,0.0
2023-10-17 02:00:00,50887.87622877895,0,1.0
2023-07-07 00:00:00,539.1840545744889,1,0.0
2023-01-09 14:00:00,251.3034926053318,0,0.0
2023-08-02 22:00:00,271.7555514117792,1,0.0
2023-09-07 01:00:00,1374.99599270417,0,0.0
2023-11-18 17:00:00,434.3255943921211,1,0.0
2023-10-21 03:00:00,583.2278017865898,0,0.0
2023-03-03 20:00:00,6497.559530441374,0,0.0
2023-11-24 10:00:00,3685.54415495758,0,0.0
2023-02-05 23:00:00,4964.563661321135,0,0.0
2023-04-27 06:00:00,34010.43910061878,1,0.0
2023-11-05 16:00:00,279.7987242613228,0,1.0
2023-08-02 04:00:00,3300.515810719732,0,0.0
2023-09-08 19:00:00,391.08980480356985,0,0.0
2023-03-15 05:00:00,3713.1650782101506,1,0.0
2023-11-12 14:00:00,10617.101006281684,1,0.0
2023-09-23 14:00:00,7975.670108033095,0,0.0
2023-10-15 04:00:00,7613.530875712548,0,0.0
2023-03-11 22:00:00,3974.472527759147,1,0.0
2023-05-16 02:00:00,1257.464696612439,0,0.0
2023-07-13 04:00:00,22.103530834635045,1,0.0
2023-02-14 03:00:00,43544.60913824292,0,1.0
2023-10-05 20:00:00,285.51478185554765,0,0.0
2023-05-12 13:00:00,11450.727682476994,1,0.0
2023-09-04 11:00:00,3819.934731735532,0,0.0
2023-04-23 05:00:00,13095.077186708553,1,0.0
2023-06-01 03:00:00,7200.129873218169,0,0.0
2023-08-16 02:00:00,504.50878658672485,1,0.0
2023-03-11 07:00:00,9284.863702480328,0,0.0
2023-08-22 00:00:00,18973.7110478297,1,0.0
2023-11-05 00:00:00,2998.0612050610935,1,0.0
2023-02-24 10:00:00,1661.1651755767837,1,1.0
2023-10-10 08:00:00,532.4623770545012,0,0.0
2023-09-02 08:00:00,3637.965552115434,1,1.0
2023-11-10 14:00:00,3270.9846929075416,0,0.0
2023-08-21 07:00:00,50388.30078133478,1,0.0
2023-08-19 10:00:00,295.86208069128395,0,0.0
2023-07-03 21:00:00,840.1628938798275,0,0.0
2023-06-06 04:00:00,1751.195543431753,0,0.0
2023-01-28 15:00:00,10325.633645397025,1,0.0
2023-03-25 06:00:00,17111.304880071453,1,0.0
2023-11-30 02:00:00,3788.4461031480105,1,0.0
2023-03-04 07:00:00,4909.932388271321,0,0.0
2023-05-18 16:00:00,7310.801522173743,1,0.0
2023-06-06 19:00:00,4706.921590399672,1,0.0
2023-08-07 00:00:00,1662.0794364889773,0,0.0
2023-03-19 05:00:00,386.6058203086268,1,0.0
2023-10-02 09:00:00,749.122961699302,0,0.0
2023-02-23 19:00:00,12026.697927083891,0,0.0
2023-05-30 05:00:00,2993.035862691921,1,0.0
2023-11-11 18:00:00,11156.081520609752,0,0.0
2023-10-31 08:00:00,967.5453656318911,0,0.0
2023-03-10 04:00:00,2289.572804639481,1,0.0
2023-06-04 00:00:00,869.437139505015,1,0.0
2023-01-30 02:00:00,503.2529259177591,0,0.0
2023-07-17 09:00:00,593.730705791484,1,0.0
2023-02-05 14:00:00,6955.457175678953,1,0.0
2023-12-07 04:00:00,965.9573990865783,0,0.0
2023-09-01 23:00:00,5675.0139566331145,0,0.0
2023-11-05 00:00:00,2359.0636411821038,0,0.0
2023-09-30 00:00:00,9576.925686133314,1,0.0
2023-08-07 17:00:00,15782.420557450947,0,0.0
2023-08-04 12:00:00,33.95313200317619,0,0.0
2023-03-13 03:00:00,78424.66545677379,1,0.0
2023-08-30 07:00:00,1923.5959201417036,0,0.0
2023-08-19 15:00:00,3445.4884163767674,0,0.0
2023-07-25 11:00:00,25767.62056159891,1,0.0
2023-05-27 06:00:00,743.4599474451855,1,0.0
2023-01-09 10:00:00,968.5481867920936,1,0.0
2023-06-25 18:00:00,8096.044978788343,0,0.0
2023-07-02 21:00:00,7086.282730355999,1,0.0
2023-04-07 23:00:00,28297.25598425076,0,0.0
2023-11-30 12:00:00,3388.311467413038,0,0.0
2023-05-03 03:00:00,6228.328807137804,1,0.0
2023-11-21 01:00:00,2889.0777081068104,0,0.0
2023-01-09 05:00:00,105363.73998856092,0,0.0
2023-10-24 21:00:00,4759.455115818753,1,0.0
2023-03-22 10:00:00,1629.4158028224178,0,0.0
2023-09-19 23:00:00,15148.359172006694,1,0.0
2023-06-28 10:00:00,1099.071365066841,0,1.0
2023-04-15 15:00:00,10503.7411685476,1,0.0
2023-01-28 11:00:00,1581.2955954329962,1,0.0
2023-04-28 03:00:00,5060.031123931868,0,1.0
2023-10-23 18:00:00,1198.685687367783,0,0.0
2023-09-30 18:00:00,10399.392656418842,0,0.0
2023-03-24 18:00:00,110.5351304507142,1,0.0
2023-12-14 10:00:00,1388.0953352507152,1,1.0
2023-05-02 07:00:00,12415.18556736525,1,0.0
2023-03-14 06:00:00,8074.676131034396,0,0.0
2023-03-18 19:00:00,2307.0479117077352,0,0.0
2023-12-28 16:00:00,13169.812019478273,0,0.0
2023-05-05 00:00:00,2498.809345595381,1,0.0
2023-03-23 15:00:00,4119.224103396408,1,0.0
2023-08-28 23:00:00,4820.588777305577,1,0.0
2023-10-06 22:00:00,13165.356159333134,0,0.0
2023-04-10 09:00:00,891.387794019736,0,0.0
2023-07-17 08:00:00,39076.55021492792,1,0.0
2023-03-17 02:00:00,1053.127572404025,1,0.0
2023-12-06 19:00:00,2606.360861351191,0,0.0
2023-12-05 08:00:00,1176.0348659474728,0,0.0
2023-10-03 16:00:00,9847.329667893524,0,0.0
2023-08-19 14:00:00,4713.457289562449,0,0.0
2023-06-19 05:00:00,352.26739072990534,1,0.0
2023-01-11 22:00:00,17621.525400590694,0,0.0
2023-09-19 23:00:00,3125.4965997725853,0,1.0
2023-03-27 09:00:00,11736.23872443228,1,0.0
2023-08-14 23:00:00,3202.576900114429,0,0.0
2023-07-09 12:00:00,8251.547095034117,0,0.0
2023-05-10 12:00:00,5306.120883212709,0,0.0
2023-10-26 06:00:00,11092.568179576,0,0.0
2023-11-05 08:00:00,13130.765402913297,1,0.0
2023-05-13 02:00:00,6315.327728607508,0,0.0
2023-04-04 23:00:00,7313.222517182857,0,0.0
2023-02-18 02:00:00,6195.644439775446,0,0.0
2023-07-07 11:00:00,32482.998339726717,0,0.0
2023-09-20 07:00:00,15423.866107293727,1,1.0
2023-09-16 05:00:00,730.6142914118855,0,0.0
2023-03-10 16:00:00,28912.295564359592,0,0.0
2023-08-19 19:00:00,902.5664385061771,0,0.0
2023-06-24 23:00:00,1637.3568742508037,0,0.0
2023-12-18 21:00:00,5074.912309661605,1,0.0
2023-04-17 13:00:00,780.2240836697246,0,0.0
2023-08-22 00:00:00,3291.869566343383,1,0.0
2023-01-05 02:00:00,229.8979998002188,1,0.0
2023-04-02 16:00:00,1396.4175110642109,1,0.0
2023-05-04 09:00:00,1705.9234302727232,0,0.0
2023-07-27 05:00:00,3902.724826392137,0,0.0
2023-07-04 17:00:00,20824.81633323152,0,0.0
2023-04-30 13:00:00,363.3333863281995,1,0.0
2023-02-09 20:00:00,3870.1662499683025,1,0.0
2023-12-15 00:00:00,17491.78874039865,0,0.0
2023-08-26 11:00:00,14924.812824279486,0,0.0
2023-10-17 08:00:00,723.2923878559923,0,0.0
2023-07-07 05:00:00,152076.11617261253,0,1.0
2023-07-24 15:00:00,11470.2033354047,1,0.0
2023-06-16 03:00:00,5027.427247338914,1,0.0
2023-09-08 15:00:00,541.1699851338293,1,0.0
2023-02-20 18:00:00,611.2757241848082,0,0.0
2023-07-07 08:00:00,984.0940240764273,1,0.0
2023-07-17 07:00:00,6729.8587430989455,1,0.0
2023-07-09 19:00:00,32666.67257118335,0,0.0
2023-12-02 10:00:00,4555.625225002773,0,0.0
2023-05-24 14:00:00,3947.37219883358,1,0.0
2023-02-13 13:00:00,628.5363109762934,0,0.0
2023-10-15 05:00:00,690.0898343732717,1,1.0
2023-03-12 13:00:00,20372.833523524812,1,0.0
2023-05-24 04:00:00,573.6723797556788,0,0.0
2023-09-03 15:00:00,2192.393678937521,0,0.0
2023-05-20 18:00:00,7789.580215859141,1,0.0
2023-01-10 09:00:00,5953.544258661822,0,0.0
2023-07-23 21:00:00,6492.9733459014205,1,0.0
2023-10-20 14:00:00,1823.7808278887314,1,0.0
2023-08-22 08:00:00,3399.860414825261,1,0.0
2023-11-30 04:00:00,260148.23435787723,1,0.0
2023-11-17 03:00:00,9603.67401415935,0,0.0
2023-07-13 10:00:00,10890.595843767313,0,0.0
2023-11-16 23:00:00,116.61944069136459,1,0.0
2023-12-09 00:00:00,158529.57504754432,1,1.0
2023-11-02 19:00:00,784.7750609753392,0,0.0
2023-04-02 21:00:00,766.2215550677082,0,0.0
2023-02-14 13:00:00,3412.076676794089,0,0.0
2023-05-24 12:00:00,5256.542041719488,1,0.0
2023-02-14 04:00:00,15484.751432203795,0,0.0
2023-04-07 23:00:00,9054.905718347969,0,0.0
2023-05-23 12:00:00,5309.248935238773,0,0.0
2023-01-13 13:00:00,19527.699246831304,0,0.0
2023-01-26 06:00:00,3952.40222892985,0,0.0
2023-05-13 02:00:00,6069.478388989762,1,1.0
2023-01-30 03:00:00,8096.010505087303,0,1.0
2023-08-01 00:00:00,30728.8466539492,1,1.0
2023-01-08 22:00:00,6651.696759849729,1,0.0
2023-02-10 20:00:00,18769.845502994172,0,0.0
2023-05-04 23:00:00,3316.0246942304143,1,0.0
2023-09-12 06:00:00,1778.0700691481916,0,1.0
2023-02-19 08:00:00,46514.726309980106,1,0.0
2023-05-19 15:00:00,16674.26770409731,1,0.0
2023-05-22 10:00:00,1394.8250269231921,0,1.0
2023-12-13 15:00:00,7373.3933417835215,1,0.0
2023-03-17 16:00:00,12211.120177388339,1,0.0
2023-09-01 22:00:00,920.7023045060356,0,1.0
2023-10-07 13:00:00,929.6250905289049,0,0.0
2023-01-24 17:00:00,15841.530589555614,0,0.0
2023-08-15 18:00:00,1583.697715893253,1,0.0
2023-03-20 23:00:00,1169.8053384583245,0,0.0
2023-04-24 21:00:00,1891.642771855393,0,0.0
2023-06-10 23:00:00,17030.24371411223,0,0.0
2023-11-07 15:00:00,13373.283308034817,1,0.0
2023-06-17 06:00:00,36167.456483016664,1,0.0
2023-03-12 06:00:00,12411.08162929122,0,0.0
2023-05-06 09:00:00,11640.875632960537,1,1.0
2023-11-22 06:00:00,466.78784438847134,1,0.0
2023-01-07 10:00:00,814.7253508040461,0,0.0
2023-02-28 17:00:00,2271.2822592599723,0,1.0
2023-02-02 16:00:00,1121.6525542240697,1,0.0
2023-12-04 08:00:00,1206.6465215292621,1,0.0
2023-11-12 00:00:00,806.9807343496466,0,0.0
2023-11-02 23:00:00,15964.776082515058,0,0.0
2023-10-28 06:00:00,5137.426947367091,0,0.0
2023-08-22 04:00:00,11052.164389964895,0,0.0
2023-08-30 17:00:00,2568.799885203921,0,0.0
2023-04-27 22:00:00,9102.454491544688,0,0.0
2023-01-23 09:00:00,8370.918441259728,1,0.0
2023-09-07 10:00:00,4848.551801237362,0,0.0
2023-03-18 17:00:00,25085.709228243493,0,0.0
2023-12-30 04:00:00,31252.866320159184,0,0.0
2023-10-18 11:00:00,1951.6041742445973,0,0.0
2023-08-23 09:00:00,2765.718516342422,0,0.0
2023-05-03 22:00:00,5968.334995345479,0,0.0
2023-11-30 00:00:00,5307.731348980401,0,0.0
2023-07-19 04:00:00,16433.22655467432,1,0.0
2023-04-09 16:00:00,11197.627512620204,0,0.0
2023-10-05 07:00:00,372.4326010789734,0,0.0
2023-12-07 13:00:00,5723.690741578465,0,0.0
2023-07-07 07:00:00,143.10996151827757,1,0.0
2023-09-08 02:00:00,6809.558728902965,1,0.0
2023-10-03 14:00:00,3412.9562531837128,0,0.0
2023-09-04 15:00:00,1258.1615071917972,0,0.0
2023-02-05 13:00:00,14103.22929930673,0,0.0
2023-06-22 18:00:00,1513.847043105825,0,0.0
2023-06-07 01:00:00,3451.4556064857757,0,0.0
2023-01-24 22:00:00,6273.915414081271,0,0.0
2023-02-17 20:00:00,49035.85167610666,0,1.0
2023-09-20 05:00:00,275.2286044963591,1,0.0
2023-09-27 01:00:00,3908.985910665691,1,0.0
2023-11-09 21:00:00,1546.0516213838448,0,0.0
2023-07-19 01:00:00,12560.169893160359,0,0.0
2023-06-10 14:00:00,6365.87637663149,1,0.0
2023-04-14 19:00:00,561.3005400749978,0,0.0
2023-05-11 04:00:00,1538.040509123037,0,1.0
2023-08-26 03:00:00,17375.65121107777,1,0.0
2023-05-08 03:00:00,3829.2399334099846,1,0.0
2023-01-01 04:00:00,1294.353699840771,1,0.0
2023-08-06 14:00:00,168.3643646898419,0,0.0
2023-08-10 11:00:00,2344.70761732967,0,0.0
2023-07-22 21:00:00,5156.591601263048,0,0.0
2023-02-06 12:00:00,536.567304727151,0,1.0
2023-10-20 19:00:00,562.4199417280415,0,0.0
2023-06-22 14:00:00,4466.511705278004,0,0.0
2023-10-18 06:00:00,9344.256437787266,1,0.0
2023-10-22 23:00:00,13619.93153378443,0,0.0
2023-11-29 19:00:00,662.3850357991289,0,0.0
2023-10-11 07:00:00,183.5130721737126,0,0.0
2023-07-06 01:00:00,18998.54694738392,0,0.0
2023-01-27 11:00:00,2317.0319641449887,1,0.0
2023-03-12 13:00:00,2622.929500300163,0,0.0
2023-07-18 00:00:00,8463.951739280701,0,0.0
2023-12-13 07:00:00,4420.841515890657,1,0.0
2023-02-04 14:00:00,1238.1462226448205,0,1.0
2023-08-04 17:00:00,12739.388571171437,1,0.0
2023-12-13 04:00:00,219.38628497745717,0,1.0
2023-09-05 21:00:00,111525.15052174228,1,0.0
2023-04-29 06:00:00,4457.538913489556,0,0.0
2023-02-17 22:00:00,7437.954953910392,0,0.0
2023-11-12 00:00:00,332.061139309678,0,0.0
2023-03-22 11:00:00,5236.15763133254,1,0.0
2023-03-11 08:00:00,9850.988844769761,1,0.0
2023-02-15 01:00:00,187.11096339407976,1,0.0
2023-01-22 08:00:00,4962.271873213362,1,0.0
2023-11-22 05:00:00,19592.437598974495,0,0.0
2023-08-07 05:00:00,3014.25496900624,0,1.0
2023-01-24 07:00:00,285.4146959164157,1,0.0
2023-06-03 00:00:00,257.2754745233137,0,0.0
2023-11-05 12:00:00,17359.61519703537,1,0.0
2023-05-20 07:00:00,443.3994093010624,0,0.0
2023-06-19 14:00:00,343.0869114819283,0,1.0
2023-01-25 04:00:00,8197.375108491537,0,0.0
2023-10-19 20:00:00,848.5907286491106,0,0.0
2023-12-05 18:00:00,11776.709320053234,1,0.0
2023-05-12 03:00:00,17968.745016431345,0,0.0
2023-06-27 01:00:00,3896.298127173255,0,0.0
2023-03-11 23:00:00,1118.5063897795208,1,0.0
2023-05-27 02:00:00,1939.5129559946884,1,0.0
2023-10-30 05:00:00,747.6514715258771,1,0.0
2023-04-25 08:00:00,13219.21948231,0,0.0
2023-08-05 04:00:00,2618.954833269457,1,0.0
2023-03-31 05:00:00,44977.94969353472,0,0.0
2023-10-03 17:00:00,453.69217576362615,0,0.0
2023-04-14 07:00:00,63.93854731272469,0,0.0
2023-09-28 04:00:00,3026.056486396735,0,0.0
2023-11-06 05:00:00,1335.486340607417,0,0.0
2023-07-05 12:00:00,877.0915385343816,0,0.0
2023-09-03 01:00:00,7873.0597551602905,0,0.0
2023-10-05 17:00:00,56036.996084323226,0,0.0
2023-04-29 17:00:00,1341.6221184396115,1,0.0
2023-11-04 22:00:00,728.7326143187528,1,0.0
2023-10-15 17:00:00,2825.60053430551,1,0.0
2023-04-14 17:00:00,2134.7653758445513,1,0.0
2023-07-12 03:00:00,1069.8060046790263,1,0.0
2023-04-29 07:00:00,6877.3256771075285,0,0.0
2023-12-22 07:00:00,643.9879840581618,0,0.0
2023-09-02 22:00:00,2704.7803340668625,1,0.0
2023-09-20 15:00:00,7306.904891322298,1,0.0
2023-02-05 11:00:00,65887.77873908363,0,0.0
2023-03-12 07:00:00,2142.5964004504544,0,0.0
2023-10-12 17:00:00,369.560799140114,0,0.0
2023-04-12 03:00:00,5293.53439617459,1,0.0
2023-06-16 16:00:00,1697.885184883993,1,0.0
2023-07-30 12:00:00,1280.6090987191112,0,0.0
2023-04-25 02:00:00,2378.0069101139784,0,0.0
2023-08-27 20:00:00,2598.968200574905,0,0.0
2023-08-13 11:00:00,1294.7295465720554,0,0.0
2023-11-30 10:00:00,5514.019469985423,0,1.0
2023-08-19 16:00:00,471.999277372298,0,1.0
2023-06-13 01:00:00,3233.743973460635,0,0.0
2023-02-14 10:00:00,496.6260011035057,0,0.0
2023-11-18 19:00:00,6008.761587868356,1,1.0
2023-07-02 12:00:00,11936.438987020589,0,0.0
2023-06-21 03:00:00,1250.4380055655183,1,0.0
2023-08-27 14:00:00,30012.962185721673,0,0.0
2023-05-21 13:00:00,6747.242665185938,1,0.0
2023-03-28 18:00:00,2677.0232434575482,0,0.0
2023-10-09 04:00:00,402.52148730136093,0,0.0
2023-01-18 09:00:00,1031.5703415495268,1,0.0
2023-12-13 02:00:00,2972.504267319822,1,0.0
2023-06-15 14:00:00,2505.0808831731133,0,0.0
2023-05-17 03:00:00,3443.8864369015737,0,0.0
2023-02-04 09:00:00,1426.1376037745526,0,0.0
2023-11-16 12:00:00,14140.263474752664,0,0.0
2023-08-28 09:00:00,20490.707138655984,0,0.0
2023-01-18 04:00:00,1194.741374614666,0,0.0
2023-11-11 07:00:00,11660.434412444027,1,0.0
2023-11-13 03:00:00,670.1753963299007,0,0.0
2023-01-31 08:00:00,2612.1112437257534,1,0.0
2023-10-26 12:00:00,2164.927826884068,0,0.0
2023-09-07 12:00:00,5342.64289762852,1,0.0
2023-04-15 08:00:00,3270.5728460120754,1,0.0
2023-05-04 15:00:00,3590.4332648243058,0,0.0
2023-04-27 02:00:00,2707.2434294013697,1,0.0
2023-02-16 18:00:00,2594.0461703805036,0,0.0
2023-06-19 23:00:00,5263.8505691359305,0,0.0
2023-03-07 11:00:00,1723.8454314429214,1,0.0
2023-07-31 09:00:00,1644.5303152376514,0,0.0
2023-08-01 16:00:00,4272.980317856434,0,0.0
2023-03-31 07:00:00,24510.271972585557,0,0.0
2023-10-11 14:00:00,2647.6233005408067,1,1.0
2023-11-03 13:00:00,13977.024014047656,0,0.0
2023-05-24 08:00:00,4688.738156392377,0,0.0
2023-06-06 22:00:00,5776.622283539645,0,0.0
2023-08-24 04:00:00,600.8635751897602,0,0.0
2023-05-02 10:00:00,1514.204534449938,0,0.0
2023-07-27 00:00:00,24454.57951468368,1,0.0
2023-09-04 13:00:00,5740.484641154747,1,0.0
2023-01-31 08:00:00,25169.256330491073,0,0.0
2023-02-26 21:00:00,7765.328019434659,1,0.0
2023-07-07 04:00:00,673.8713073719008,1,0.0
2023-01-30 02:00:00,17859.64237907644,0,0.0
2023-10-27 10:00:00,5413.023222954021,1,0.0
2023-01-17 11:00:00,3333.797042683299,0,0.0
2023-11-05 08:00:00,2861.905941509484,0,0.0
2023-12-03 18:00:00,286.97231679488084,0,0.0
2023-06-23 19:00:00,10734.940986453681,0,0.0
2023-07-01 16:00:00,2783.730771704542,0,0.0
2023-04-15 06:00:00,775.1828950093487,0,0.0
2023-01-30 21:00:00,5872.581212231373,1,0.0
2023-04-26 22:00:00,18391.001781230505,0,0.0
2023-07-26 02:00:00,82124.69044287775,0,1.0
2023-08-17 14:00:00,6912.985373790907,0,0.0
2023-12-14 07:00:00,12528.599292118124,0,0.0
2023-07-27 12:00:00,10145.09448094294,1,1.0
2023-10-30 18:00:00,4336.820088584965,1,0.0
2023-07-07 03:00:00,748.452280717147,0,0.0
2023-10-27 16:00:00,39841.33646611716,0,0.0
2023-08-21 20:00:00,5429.473606440948,0,0.0
2023-11-15 19:00:00,3300.120693866069,1,0.0
2023-06-01 12:00:00,9278.458843296412,0,1.0
2023-02-18 15:00:00,876.5966932256925,1,1.0
2023-02-14 06:00:00,7215.833013051456,1,0.0
2023-03-31 20:00:00,8759.55832272332,1,0.0
2023-11-24 12:00:00,3163.0737119605424,0,0.0
2023-08-04 01:00:00,1892.7865817462568,1,0.0
2023-08-10 01:00:00,1261.6542789867035,0,0.0
2023-09-30 13:00:00,1044.3198338509076,0,0.0
2023-07-17 01:00:00,1289.7760522078333,1,1.0
2023-11-02 10:00:00,2487.262521679357,1,0.0
2023-08-11 06:00:00,9517.211688368516,0,0.0
2023-06-30 10:00:00,319.3705326964244,0,0.0
2023-11-30 18:00:00,7130.456171126694,0,0.0
2023-10-11 09:00:00,12731.846895882492,1,0.0
2023-07-21 22:00:00,305.9122641171384,1,1.0
2023-10-08 11:00:00,10000.835471877737,0,0.0
2023-10-29 17:00:00,706.741259064963,1,0.0
2023-02-09 17:00:00,8875.739776792965,1,0.0
2023-04-16 19:00:00,715.9664783875135,0,0.0
2023-10-22 00:00:00,1183.6823470802428,1,0.0
2023-03-06 06:00:00,9112.901750233066,1,0.0
2023-08-09 13:00:00,4909.9336857711605,0,0.0
2023-02-19 15:00:00,658.653238866378,0,0.0
2023-09-21 01:00:00,1281.0957394335194,0,1.0
2023-10-17 02:00:00,176.59948774381934,1,0.0
2023-04-22 17:00:00,12408.32488165129,1,0.0
2023-03-06 04:00:00,2505.570756146169,1,1.0
2023-09-15 04:00:00,540.4448789887293,0,0.0
2023-08-19 21:00:00,39817.64996774342,1,1.0
2023-02-26 21:00:00,25471.31502543472,0,0.0
2023-12-29 03:00:00,8023.229321892436,0,0.0
2023-12-29 14:00:00,1143.1295971674044,1,0.0
2023-11-09 06:00:00,9719.959076755518,0,0.0
2023-06-29 16:00:00,2615.9834607064954,1,0.0
2023-02-25 04:00:00,3167.5574673454,0,0.0
2023-05-11 21:00:00,1034.2065065434022,1,0.0
2023-11-06 03:00:00,49303.25870595653,1,0.0
2023-05-26 06:00:00,143.61965786508247,1,0.0
2023-03-17 10:00:00,5857.22332075346,1,0.0
2023-10-02 12:00:00,2240.0379857273524,0,0.0
2023-05-02 19:00:00,368.926113022014,0,0.0
2023-08-09 21:00:00,3061.7529675901396,1,0.0
2023-06-24 10:00:00,2791.6362180805268,1,0.0
2023-09-07 01:00:00,1337.522383318303,0,0.0
2023-06-27 20:00:00,1478.3818413176596,0,0.0
2023-07-17 20:00:00,4029.7582960461773,0,0.0
2023-07-22 01:00:00,2701.632205406495,0,0.0
2023-06-04 13:00:00,1352.8488975428163,0,0.0
2023-10-03 19:00:00,361.75880081010945,1,1.0
2023-12-27 07:00:00,1482.6306822806143,0,0.0
2023-05-09 00:00:00,680.8138726776283,1,0.0
2023-09-30 02:00:00,1080.2743609196448,0,1.0
2023-01-22 00:00:00,923.399492313309,0,0.0
2023-02-20 14:00:00,386.3536012313615,0,0.0
2023-03-05 19:00:00,945.8637401156197,0,0.0
2023-11-12 16:00:00,4595.97000719966,0,1.0
2023-02-04 07:00:00,17049.897240737675,0,0.0
2023-02-08 16:00:00,162.69555378180348,0,0.0
2023-07-29 13:00:00,301.6899469439283,0,0.0
2023-01-06 13:00:00,431.84376704799587,0,0.0
2023-03-29 17:00:00,359.1645998387303,0,0.0
2023-06-01 03:00:00,21435.714703238176,1,0.0
2023-09-21 04:00:00,1935.3485377545867,0,0.0
2023-03-19 04:00:00,129.34204832926537,0,0.0
2023-07-24 14:00:00,83205.97411990806,1,0.0
2023-06-23 23:00:00,11921.371002734732,0,0.0
2023-08-11 20:00:00,6030.617360866939,0,0.0
2023-09-15 22:00:00,530.5468189190939,0,1.0
2023-02-22 08:00:00,90436.10007597561,0,0.0
2023-05-21 16:00:00,5245.371354527411,0,0.0
2023-08-24 05:00:00,7459.24777506241,1,0.0
2023-05-26 06:00:00,25014.55718533583,1,0.0
2023-05-30 08:00:00,15773.650317892543,0,0.0
2023-12-02 13:00:00,76825.3763666532,0,0.0
2023-05-19 18:00:00,984.5517131405097,1,1.0
2023-04-23 15:00:00,6023.3536484704555,1,0.0
2023-12-27 22:00:00,2443.5981487251515,1,1.0
2023-12-05 08:00:00,846.4809561206654,1,0.0
2023-10-24 10:00:00,6774.852027574046,1,0.0
2023-02-26 09:00:00,4347.386985003163,0,0.0
2023-07-30 23:00:00,1435.9138312721586,0,0.0
2023-12-23 05:00:00,425.4908919140181,0,1.0
2023-11-12 15:00:00,7799.543983811606,0,0.0
2023-01-28 19:00:00,3150.871425281959,0,0.0
2023-07-06 04:00:00,15469.392844188387,1,0.0
2023-10-12 03:00:00,298.9803322518487,0,0.0
2023-06-04 23:00:00,46029.60497448807,0,0.0
2023-04-25 09:00:00,26238.092677188648,1,1.0
2023-11-08 19:00:00,291.93306133039806,1,0.0
2023-01-23 11:00:00,3668.0983636929623,0,0.0
2023-07-26 20:00:00,46748.642939953395,1,0.0
2023-07-21 11:00:00,805.4888648331904,0,0.0
2023-06-07 07:00:00,863.7920205550624,0,0.0
2023-09-09 18:00:00,206.00226000103856,0,0.0
2023-10-23 22:00:00,13023.273828458025,1,0.0
2023-11-01 16:00:00,1436.2460098775416,1,0.0
2023-08-10 16:00:00,4314.6263209593335,0,0.0
2023-09-13 12:00:00,1668.7256439852513,1,0.0
2023-11-25 19:00:00,6824.4155794526905,0,0.0
2023-04-26 19:00:00,2917.4229788254243,0,0.0
2023-02-08 12:00:00,4167.752815878233,0,1.0
2023-03-07 21:00:00,398.0658782639261,0,0.0
2023-11-18 10:00:00,1223.0820480421833,0,0.0
2023-05-19 12:00:00,9071.004168122361,1,0.0
2023-08-27 01:00:00,502.5319938233556,0,0.0
2023-10-20 18:00:00,1740.3997491312305,0,0.0
2023-01-11 15:00:00,432.83236241169953,1,0.0
2023-07-20 04:00:00,18888.6178282916,1,0.0
2023-03-18 14:00:00,2083.894759673772,1,1.0
2023-01-01 09:00:00,12533.520226288174,0,0.0
2023-04-30 15:00:00,8984.657519799472,1,0.0
2023-11-05 17:00:00,5013.076414813554,1,0.0
2023-11-06 02:00:00,1589.0463720005519,0,0.0
2023-08-02 12:00:00,4905.813318787399,0,0.0
2023-02-12 07:00:00,6149.627433458966,0,0.0
2023-04-02 09:00:00,514.3511936163808,1,0.0
2023-12-17 15:00:00,1109.205457408734,1,0.0
2023-11-07 09:00:00,950.3428541481869,0,0.0
2023-06-23 06:00:00,6294.096667877978,1,0.0
2023-06-13 13:00:00,1950.8000527402692,0,0.0
2023-10-18 10:00:00,1875.0137342102798,0,0.0
2023-10-17 02:00:00,108391.14485974732,1,0.0
2023-07-19 08:00:00,1899.3618140101776,0,0.0
2023-06-16 16:00:00,1913.4435679975654,0,0.0
2023-03-10 01:00:00,187.57745841117068,0,0.0
2023-10-30 18:00:00,20533.81720519486,1,0.0
2023-12-29 14:00:00,10762.544542141226,0,1.0
2023-01-17 00:00:00,2832.352415133442,0,0.0
2023-01-17 20:00:00,778.7921772535394,0,0.0
2023-12-07 15:00:00,2241.780508898497,1,0.0
2023-03-25 08:00:00,773.9607730458819,0,0.0
2023-09-07 13:00:00,942.0231346778913,0,0.0
2023-03-02 20:00:00,1471.2439656402116,1,0.0
2023-10-27 14:00:00,1995.5858477074619,0,0.0
2023-10-25 12:00:00,321.73361633630304,0,0.0
2023-06-01 12:00:00,558.3903833006704,0,0.0
2023-07-20 09:00:00,4715.979820880812,1,0.0
2023-06-24 02:00:00,8023.560188100724,1,0.0
2023-10-29 21:00:00,423.93197125502303,0,0.0
2023-10-03 00:00:00,2930.2367714268867,1,0.0
2023-09-07 21:00:00,2888.0359915785175,0,0.0
2023-03-27 08:00:00,24955.383837037676,1,0.0
2023-07-19 04:00:00,778.8178799725479,1,0.0
2023-01-30 20:00:00,1673.1236124526333,1,0.0
2023-11-27 19:00:00,8515.562470609195,0,1.0
2023-08-20 21:00:00,5870.53198614671,1,0.0
2023-07-09 08:00:00,302.3157018288168,1,0.0
2023-07-27 08:00:00,577.4088839269289,0,0.0
2023-05-23 11:00:00,1428.3554619208571,1,0.0
2023-10-29 15:00:00,28867.41593396702,1,0.0
2023-01-11 09:00:00,368.9598812294261,0,0.0
2023-02-02 02:00:00,2006.0939398096418,0,0.0
2023-07-01 19:00:00,444.8705195328478,1,0.0
2023-02-14 21:00:00,1422.8755867901432,1,0.0
2023-12-18 03:00:00,42344.77585259009,1,0.0
2023-12-24 12:00:00,2414.9274336563813,1,1.0
2023-11-26 05:00:00,14337.856456696818,0,0.0
2023-07-22 10:00:00,253.7325931669281,1,0.0
2023-09-30 16:00:00,10214.19135642666,1,0.0
2023-07-16 15:00:00,71032.92070134784,0,0.0
2023-04-28 06:00:00,325.46744358640876,1,0.0
2023-05-21 14:00:00,2614.67438296303,0,0.0
2023-02-22 04:00:00,1303.718282501413,1,0.0
2023-10-19 12:00:00,26860.60973438189,1,0.0
2023-07-14 17:00:00,213.89383400726035,1,0.0
2023-07-08 18:00:00,891.3528765399116,0,0.0
2023-10-14 17:00:00,2013.348283376731,0,0.0
2023-10-17 13:00:00,871.2540550767417,0,0.0
2023-09-18 01:00:00,805.4731539967254,1,0.0
2023-12-01 01:00:00,2384.7972445038017,0,0.0
2023-10-17 05:00:00,13125.133145130689,0,0.0
2023-10-19 18:00:00,5835.380784209986,1,0.0
2023-02-25 11:00:00,4122.3380552033805,0,0.0
2023-06-27 13:00:00,640.4547443785849,0,0.0
2023-11-15 16:00:00,6532.315847339258,0,0.0
2023-08-02 03:00:00,1125.5467224871052,1,1.0
2023-07-13 05:00:00,17844.77743691248,0,0.0
2023-07-22 06:00:00,2248.561389746453,1,0.0
2023-05-13 09:00:00,6164.193888861802,1,0.0
2023-11-19 02:00:00,25893.345425626914,1,0.0
2023-04-01 20:00:00,813.0917678327683,0,0.0
2023-07-23 20:00:00,214.152831886474,1,0.0
2023-10-21 11:00:00,1924.1697440332791,0,0.0
2023-01-06 17:00:00,2764.2091558801535,1,0.0
2023-09-21 15:00:00,206.7568809666008,0,0.0
2023-05-25 16:00:00,1069.887224451027,0,0.0
2023-08-16 01:00:00,3521.8903430068417,0,0.0
2023-04-29 00:00:00,11582.307872279478,1,0.0
2023-05-30 03:00:00,8021.888977617746,0,0.0
2023-09-06 19:00:00,16319.6642623318,0,0.0
2023-06-23 12:00:00,3850.712214172227,0,0.0
2023-11-27 21:00:00,231.84095172436724,0,0.0
2023-08-21 01:00:00,493.71416685923225,1,0.0
2023-06-29 04:00:00,1237.5275515021551,0,0.0
2023-09-19 05:00:00,1326.7408252031635,0,0.0
2023-06-09 02:00:00,3119.7231758066728,0,0.0
2023-03-21 10:00:00,511.11369975092435,0,0.0
2023-09-18 14:00:00,7466.073389871,0,0.0
2023-02-01 16:00:00,1097.6112538758161,0,0.0
2023-11-23 06:00:00,1523.6010287623305,0,0.0
2023-11-03 06:00:00,1389.4664958775347,1,0.0
2023-09-17 22:00:00,271.9647948608235,1,0.0
2023-09-11 18:00:00,3045.664800938902,0,1.0
2023-09-09 07:00:00,9781.582047831225,1,1.0
2023-11-17 07:00:00,5682.828807545041,0,0.0
2023-12-20 00:00:00,1279.1666433023631,1,0.0
2023-03-20 15:00:00,2320.830684509735,1,0.0
2023-05-17 02:00:00,990.2969188463003,0,0.0
2023-01-28 18:00:00,952.3078155483314,1,0.0
2023-06-24 12:00:00,2297.3516572737476,0,0.0
2023-01-28 23:00:00,5388.244515216632,0,0.0
2023-10-10 09:00:00,3499.350866645769,1,0.0
2023-11-12 10:00:00,5124.545098998243,0,0.0
2023-11-28 12:00:00,322.21631642770393,0,0.0
2023-08-02 12:00:00,1752.640574418241,1,0.0
2023-08-21 17:00:00,14489.014571934771,0,1.0
2023-07-19 01:00:00,19385.220696799784,0,0.0
2023-06-12 12:00:00,7297.927286922851,0,0.0
2023-10-06 05:00:00,890.2393573336632,1,0.0
2023-10-18 21:00:00,4047.3867235306852,1,0.0
2023-09-23 16:00:00,4748.791527195883,0,1.0
2023-01-22 19:00:00,80.46317514414558,1,0.0
2023-04-10 17:00:00,26737.58677476388,0,0.0
2023-04-19 01:00:00,552.1420746711277,1,0.0
2023-10-29 16:00:00,167.63527246328132,0,0.0
2023-10-17 01:00:00,11390.893832162943,1,0.0
2023-09-15 22:00:00,831.2330949669861,0,0.0
2023-08-07 08:00:00,6276.851973868809,0,0.0
2023-09-28 13:00:00,595.1392182331028,1,0.0
2023-04-30 22:00:00,423.4387926718793,1,0.0
2023-06-22 15:00:00,1103.7381006558762,1,0.0
2023-06-01 20:00:00,1105.5105312860667,1,0.0
2023-07-04 16:00:00,7630.055359271751,1,0.0
2023-02-23 04:00:00,19692.257865396172,0,0.0
2023-08-31 03:00:00,12714.128193289534,0,0.0
2023-01-13 14:00:00,27480.649454146234,0,0.0
2023-01-27 14:00:00,966.1230889671784,0,0.0
2023-01-03 07:00:00,39448.581162560804,1,0.0
2023-12-30 05:00:00,1277.2163298809244,0,0.0
2023-12-06 14:00:00,1026.1744100035937,0,0.0
2023-03-30 13:00:00,4784.94342635242,1,0.0
2023-01-16 04:00:00,10842.882442534255,0,0.0
2023-10-11 17:00:00,1704.091430130198,1,0.0
2023-07-12 13:00:00,7271.368690944483,0,0.0
2023-08-02 14:00:00,14114.315461575105,1,0.0
2023-08-02 10:00:00,5811.677170253133,0,1.0
2023-03-10 14:00:00,7329.171875050396,0,0.0
2023-02-08 06:00:00,116211.09611024914,1,0.0
2023-04-27 13:00:00,324.3022116220756,0,0.0
2023-09-29 02:00:00,508.93636723416785,1,0.0
2023-09-02 14:00:00,2637.98172755842,1,0.0
2023-03-05 19:00:00,5453.150357705905,0,0.0
2023-12-07 12:00:00,1138.0152576782848,1,0.0
2023-05-20 09:00:00,59415.39569693166,0,0.0
2023-11-16 17:00:00,6523.889755316553,0,0.0
2023-10-17 13:00:00,2787.477966192113,1,0.0
2023-10-14 18:00:00,28651.953703527633,0,0.0
2023-03-21 10:00:00,138.90998893549119,0,0.0
2023-05-09 14:00:00,7235.913490197634,0,0.0
2023-12-06 16:00:00,26689.421781726258,0,0.0
2023-08-28 14:00:00,805.7454319145371,1,0.0
2023-02-14 06:00:00,1346.1335283936821,1,0.0
2023-03-24 08:00:00,1027.0693083692581,0,0.0
2023-02-24 00:00:00,3849.0651046136404,1,0.0
2023-09-17 13:00:00,3415.7146174145487,1,0.0
2023-11-15 09:00:00,22405.194209712754,0,0.0
2023-01-06 05:00:00,2323.221478706696,0,0.0
2023-07-13 00:00:00,905.4272681795533,0,0.0
2023-09-20 00:00:00,34.22007529487469,0,0.0
2023-05-30 20:00:00,1278.3618519002516,1,0.0
2023-09-15 00:00:00,2829.642169278022,0,0.0
2023-11-12 01:00:00,4010.197172057948,1,0.0
2023-12-11 02:00:00,3172.4801236202684,1,0.0
2023-01-10 16:00:00,3153.4313296840696,1,0.0
2023-09-23 11:00:00,47.94344090224709,1,0.0
2023-06-25 06:00:00,13917.482102246986,0,0.0
2023-11-27 23:00:00,1453.5875894284718,1,0.0
2023-10-15 03:00:00,560.1465293389131,0,1.0
2023-10-08 18:00:00,9740.69050756226,1,0.0
2023-04-14 00:00:00,35042.79045485789,0,1.0
2023-04-25 03:00:00,575.7808422867822,0,0.0
2023-08-14 01:00:00,865.7372601445876,1,0.0
2023-03-15 09:00:00,7114.916264418753,0,0.0
2023-02-06 12:00:00,110.35672870545676,0,0.0
2023-06-08 20:00:00,30919.398811781484,1,0.0
2023-03-02 20:00:00,9730.48934536764,0,0.0
2023-03-14 05:00:00,1415.0992897177416,0,0.0
2023-03-08 21:00:00,3482.4599064123195,1,1.0
2023-08-23 06:00:00,2533.690781713541,1,0.0
2023-10-09 23:00:00,7753.601192740608,0,0.0
2023-10-19 02:00:00,50411.317641270405,0,1.0
2023-05-27 13:00:00,20559.38979396748,1,0.0
2023-06-05 15:00:00,5158.788532454428,0,0.0
2023-12-18 10:00:00,1615.5697906268176,0,0.0
2023-04-18 22:00:00,5604.18998669212,0,0.0
2023-02-14 07:00:00,1371.0045215751904,1,0.0
2023-06-30 04:00:00,5732.40943734365,0,0.0
2023-08-11 14:00:00,16534.51504855192,1,0.0
2023-01-01 05:00:00,2426.703050829898,1,0.0
2023-11-09 01:00:00,4332.457831228866,1,0.0
2023-12-27 19:00:00,10377.963824575165,0,0.0
2023-12-08 11:00:00,12084.673522049718,0,0.0
2023-09-06 14:00:00,7197.752237538188,1,0.0
2023-01-05 21:00:00,149.3698561349812,1,1.0
2023-04-17 07:00:00,587.5727066858708,1,0.0
2023-08-20 16:00:00,2707.1796319228342,1,0.0
2023-06-28 17:00:00,3323.769046421578,0,0.0
2023-02-05 06:00:00,2911.83477959904,1,0.0
2023-09-21 04:00:00,16281.510005979726,1,0.0
2023-09-27 13:00:00,72774.40369543627,0,0.0
2023-01-10 08:00:00,1003.5841592422594,0,0.0
2023-06-25 08:00:00,11359.328566217544,1,0.0
2023-09-19 19:00:00,5504.337888075152,1,0.0
2023-03-27 08:00:00,169.9323394454758,1,0.0
2023-09-17 17:00:00,321.0051484431839,1,0.0
2023-03-18 04:00:00,16725.200731691988,1,0.0
2023-03-21 21:00:00,3870.337038070754,0,0.0
2023-06-26 10:00:00,1018.3115280433832,1,1.0
2023-10-19 04:00:00,2424.434807693037,0,1.0
2023-03-26 10:00:00,2354.2546056120236,1,0.0
2023-06-06 00:00:00,15820.521939579035,1,0.0
2023-01-01 09:00:00,1150.38709044668,0,0.0
2023-01-11 20:00:00,3522.505200551429,1,0.0
2023-09-09 14:00:00,3916.639047242812,0,0.0
2023-04-03 11:00:00,2608.7904264378744,0,0.0
2023-10-21 09:00:00,651.2885960741512,0,0.0
2023-03-27 20:00:00,1319.2167264069326,1,0.0
2023-08-09 07:00:00,5025.425513212998,0,0.0
2023-03-09 11:00:00,1140.4521063339425,0,0.0
2023-12-21 16:00:00,5350.324243976941,0,1.0
2023-02-25 22:00:00,2179.3185968031617,0,0.0
2023-04-29 00:00:00,3223.511535010699,1,0.0
2023-04-28 16:00:00,1318.56712506422,0,0.0
2023-03-25 02:00:00,865.7556391407352,0,0.0
2023-05-26 10:00:00,1589.5092321297839,0,0.0
2023-11-29 16:00:00,3405.932126071154,0,0.0
2023-03-08 20:00:00,10372.706201032586,0,0.0
2023-01-10 19:00:00,4833.425793421836,1,0.0
2023-03-21 12:00:00,3230.6093323751697,0,0.0
2023-12-23 23:00:00,4832.404898219688,0,0.0
2023-05-28 02:00:00,8381.507464367958,0,1.0
2023-08-08 00:00:00,3730.5537795867376,0,0.0
2023-04-20 19:00:00,1589.6268111386094,0,0.0
2023-12-07 02:00:00,2128.654106000083,0,0.0
2023-04-17 16:00:00,34917.53450327338,1,0.0
2023-08-14 15:00:00,1535.348577669617,0,0.0
2023-05-22 07:00:00,2495.760848173074,1,0.0
2023-09-05 23:00:00,12813.238943242965,1,0.0
2023-08-16 20:00:00,1680.6123924901606,1,1.0
2023-11-30 15:00:00,5189.280761324886,0,0.0
2023-09-25 05:00:00,3529.287563634265,0,1.0
2023-10-17 05:00:00,14762.880777770748,0,0.0
2023-07-20 20:00:00,39425.62529833677,0,0.0
2023-05-01 18:00:00,921.8502957084872,0,0.0
2023-11-11 10:00:00,368944.5949738645,1,0.0
2023-01-04 05:00:00,4306.199418796969,0,0.0
2023-11-12 17:00:00,1809.2934548924177,1,0.0
2023-06-26 03:00:00,1524.503735133389,1,0.0
2023-01-26 00:00:00,38032.97553777811,1,0.0
2023-02-14 09:00:00,1653.71252989447,0,0.0
2023-03-31 00:00:00,1640.7394470285667,0,0.0
2023-10-17 07:00:00,1230.7959488308763,0,0.0
2023-11-22 04:00:00,2296.5886508440726,0,0.0
2023-10-01 13:00:00,448.91487007276135,1,0.0
2023-09-07 08:00:00,968.6046957378992,0,0.0
2023-08-03 06:00:00,23058.751950313075,1,0.0
2023-07-14 14:00:00,579.5153886109374,1,0.0
2023-04-02 06:00:00,4934.387424019794,0,0.0
2023-04-24 00:00:00,10503.958405378495,0,0.0
2023-04-02 08:00:00,9083.179380359254,0,0.0
2023-02-22 00:00:00,1667.354161603614,0,1.0
2023-06-18 01:00:00,3672.9001831328965,1,0.0
2023-03-25 05:00:00,4232.185489685791,1,0.0
2023-06-03 15:00:00,2947.817940998118,0,0.0
2023-06-17 10:00:00,290.7065233508458,0,0.0
2023-03-24 02:00:00,4288.5244289953,1,0.0
2023-12-16 13:00:00,8786.651104665225,0,1.0
2023-08-29 05:00:00,3463.1892697727094,0,0.0
2023-02-20 02:00:00,7586.928566852372,1,0.0
2023-12-05 23:00:00,5041.733160602202,0,0.0
2023-08-20 23:00:00,7295.098265961221,0,0.0
2023-11-16 11:00:00,33275.735180166565,0,0.0
2023-08-28 06:00:00,1419.712163691192,0,0.0
2023-08-30 04:00:00,4150.04649877631,1,0.0
2023-08-14 08:00:00,705.2426077400969,1,0.0
2023-12-28 05:00:00,6568.887171579981,0,0.0
2023-02-08 10:00:00,38.1182106310147,0,0.0
2023-01-18 11:00:00,4807.413892993705,1,0.0
2023-04-02 20:00:00,4402.69333490701,0,1.0
2023-02-16 16:00:00,25952.42876397232,1,1.0
2023-02-09 14:00:00,563.9859962288994,0,0.0
2023-04-08 08:00:00,78.1477419185044,0,0.0
2023-08-12 21:00:00,4652.799686172105,0,0.0
2023-04-04 11:00:00,10312.327297977408,0,0.0
2023-04-21 05:00:00,1097.554514953177,1,0.0
2023-07-12 04:00:00,1725.175608660913,0,1.0
2023-03-19 17:00:00,84.19967175863539,0,0.0
2023-09-09 04:00:00,7721.927034654174,0,0.0
2023-11-02 06:00:00,3813.2642995130705,1,0.0
2023-09-23 11:00:00,1165.5558977588832,0,0.0
2023-09-22 23:00:00,10235.970896663552,0,0.0
2023-11-24 15:00:00,5334.66781096773,0,0.0
2023-05-15 12:00:00,7094.9810409472075,0,0.0
2023-06-04 23:00:00,8294.547435310345,0,0.0
2023-04-09 19:00:00,3584.936462492499,1,0.0
2023-05-01 11:00:00,13701.368045116029,0,0.0
2023-06-06 12:00:00,4629.561707400949,1,0.0
2023-06-26 01:00:00,1552.6435737406807,1,0.0
2023-01-04 22:00:00,10618.00736806111,0,0.0
2023-04-22 10:00:00,4523.100245488871,1,0.0
2023-10-15 10:00:00,3029.568652441148,0,0.0
2023-02-03 01:00:00,5525.533988721203,0,0.0
2023-03-30 04:00:00,613.0583254293543,0,0.0
2023-08-29 19:00:00,19590.74161192857,1,0.0
2023-09-14 22:00:00,40594.978039462534,0,1.0
2023-02-03 22:00:00,3860.137548860338,0,0.0
2023-01-15 09:00:00,4023.9046387608737,1,0.0
2023-12-23 10:00:00,2876.864454505072,1,0.0
2023-04-12 19:00:00,1549.0441864385875,0,0.0
2023-11-21 07:00:00,1096.1066498588782,1,0.0
2023-02-11 00:00:00,83416.17406912049,0,1.0
2023-11-21 14:00:00,9441.31818178717,0,0.0
2023-02-04 11:00:00,8212.610315955839,0,0.0
2023-05-28 03:00:00,2218.837699395134,1,0.0
2023-10-25 19:00:00,1072.9787563752604,0,0.0
2023-07-05 11:00:00,2612.93807253274,0,0.0
2023-06-11 12:00:00,933.3436379265414,1,0.0
2023-09-06 07:00:00,928.1601714730388,0,0.0
2023-01-06 06:00:00,5266.140201513254,0,0.0
2023-05-13 09:00:00,2508.022598609466,1,0.0
2023-09-09 00:00:00,5562.5456555673745,0,1.0
2023-08-01 21:00:00,1004.9930514258066,0,1.0
2023-06-22 18:00:00,10770.410408397845,0,0.0
2023-10-27 20:00:00,2532.8502213528163,0,0.0
2023-05-21 08:00:00,2281.0803325125394,0,0.0
2023-06-08 05:00:00,1044.5550347308995,1,0.0
2023-03-16 16:00:00,2800.461637385582,1,0.0
2023-08-27 20:00:00,781.4360924656226,0,0.0
2023-05-25 20:00:00,3053.429566574299,1,1.0
2023-05-23 09:00:00,45343.11265508366,1,0.0
2023-03-10 13:00:00,10481.579358139295,1,0.0
2023-05-07 06:00:00,8783.670478763921,0,0.0
2023-04-30 16:00:00,1206.3158131703453,1,0.0
2023-05-09 00:00:00,329.84833897110644,1,0.0
2023-03-19 06:00:00,20241.546694513214,0,0.0
2023-06-17 13:00:00,733.6126876492729,0,0.0
2023-07-14 06:00:00,3681.18618823773,1,0.0
2023-09-29 10:00:00,5839.713918061351,1,0.0
2023-07-29 15:00:00,6758.528331363762,0,0.0
2023-04-23 20:00:00,11246.78137409293,1,0.0
2023-10-24 08:00:00,21708.526241631815,1,1.0
2023-12-16 17:00:00,316.024510159661,0,0.0
2023-05-27 03:00:00,131828.82915226414,0,1.0
2023-09-27 00:00:00,8623.001655753784,0,0.0
2023-06-25 12:00:00,497.045975292256,0,0.0
2023-11-29 02:00:00,12533.547289359236,0,0.0
2023-01-23 08:00:00,2931.699102382818,1,0.0
2023-03-09 17:00:00,2536.3799993185476,0,1.0
2023-11-29 05:00:00,4527.7570476134515,1,0.0
2023-12-24 09:00:00,1068.4856288024089,0,0.0
2023-12-03 06:00:00,5072.714958826198,0,1.0
2023-12-28 02:00:00,1625.5790403814945,1,0.0
2023-12-25 17:00:00,5457.901777392201,0,0.0
2023-09-28 10:00:00,12322.101455937809,0,1.0
2023-05-31 00:00:00,1119.0764253672155,1,0.0
2023-10-10 15:00:00,8617.11532027629,0,0.0
2023-07-27 03:00:00,4797.1014254304655,0,1.0
2023-02-20 05:00:00,8598.317983805466,1,0.0
2023-03-24 22:00:00,3630.5379334088793,1,0.0
2023-08-09 19:00:00,2046.8245545178604,0,1.0
2023-05-29 20:00:00,27065.96754136314,1,0.0
2023-09-06 23:00:00,4959.13171281588,1,0.0
2023-09-21 08:00:00,743.9026304311947,1,0.0
2023-07-02 12:00:00,2506.8099536665068,0,0.0
2023-07-18 05:00:00,2524.238783001066,0,0.0
2023-04-24 01:00:00,1994.6265198791411,1,0.0
2023-08-21 20:00:00,6339.302978815008,1,0.0
2023-02-10 06:00:00,84.21023007760846,0,0.0
2023-07-26 00:00:00,2802.087407036013,1,0.0
2023-05-24 00:00:00,6894.866025840868,0,0.0
2023-01-29 16:00:00,13732.316119875035,1,0.0
2023-06-26 19:00:00,27.090062156592328,0,0.0
2023-06-04 05:00:00,1063.9318242423508,0,0.0
2023-12-22 13:00:00,3510.6551983405157,1,0.0
2023-08-04 22:00:00,12783.572467218797,0,1.0
2023-10-07 08:00:00,653.547906899589,0,0.0
2023-07-04 06:00:00,2878.163644634139,1,0.0
2023-03-15 07:00:00,1996.5444764810038,0,0.0
2023-04-14 10:00:00,2477.0998941765824,0,0.0
2023-12-02 18:00:00,3333.5760904229614,1,0.0
2023-02-09 15:00:00,5538.864896773864,1,0.0
2023-03-28 15:00:00,2077.154215749051,0,0.0
2023-04-24 05:00:00,1129.6082226734595,0,0.0
2023-07-08 12:00:00,2591.2689327443773,0,0.0
2023-12-20 05:00:00,238.3670124322138,0,0.0
2023-11-01 15:00:00,10176.513301008215,0,0.0
2023-10-27 10:00:00,1518.6613014970121,0,0.0
2023-03-28 01:00:00,1760.2779042729894,0,0.0
2023-02-02 00:00:00,18714.03124696922,0,0.0
2023-08-17 18:00:00,3335.8433721272377,1,0.0
2023-10-04 21:00:00,225448.5300849397,0,0.0
2023-07-31 19:00:00,10479.946135497377,0,0.0
2023-08-07 00:00:00,1914.1860342995,1,0.0
2023-08-30 13:00:00,2327.3485272135445,0,0.0
2023-07-25 06:00:00,6874.8354550315835,0,0.0
2023-09-08 16:00:00,217.18133219789084,0,1.0
2023-05-19 23:00:00,35050.35967645719,1,0.0
2023-12-01 22:00:00,768.0341789981401,1,1.0
2023-07-23 01:00:00,3716.583643714744,0,0.0
2023-03-03 17:00:00,1152.6619712795098,1,0.0
2023-09-20 17:00:00,3291.047512066818,1,0.0
2023-05-24 19:00:00,3923.3086235931146,0,0.0
2023-01-03 06:00:00,3380.436881472785,0,0.0
2023-11-15 11:00:00,4080.633297012792,1,0.0
2023-05-25 06:00:00,4838.415756116781,1,0.0
2023-02-04 16:00:00,28653.825015858645,1,0.0
2023-09-06 02:00:00,816.7275563438687,0,0.0
2023-12-21 23:00:00,7143.435484481536,0,0.0
2023-10-28 21:00:00,83.82161277262772,0,0.0
2023-05-18 22:00:00,3728.1478168188605,0,0.0
2023-05-18 12:00:00,1705.9571940008555,1,0.0
2023-10-08 02:00:00,505.5195226800785,0,0.0
2023-10-28 18:00:00,965.2551485099118,0,0.0
2023-11-21 00:00:00,5211.426831205887,0,0.0
2023-06-03 03:00:00,10725.086149204324,1,0.0
2023-05-08 06:00:00,4735.758501236102,1,0.0
2023-11-29 02:00:00,200.3196493559518,0,1.0
2023-03-31 07:00:00,49178.45548809127,0,0.0
2023-08-05 23:00:00,1270.281801537261,1,0.0
2023-04-16 18:00:00,266.87845441955784,0,0.0
2023-07-09 11:00:00,5734.487330363309,0,0.0
2023-08-23 03:00:00,649.2105202482171,0,0.0
